{
  "items": [
    {
      "prefix": "ACC",
      "cnumber": 201,
      "name": "Financial Accounting I",
	  "location": "North Campus",
      "desc": "This course is designed to provide an introduction to financial accounting from the users’ perspectives.",
      "times": ["Monday 2:00-10:00 PM","Tuesday 4:00-10:00 PM", "Wednesday 2:00-10:00 PM", "Thursday 2:00-10:00 PM" ]
    },
    {
      "prefix": "MA",
      "cnumber": 113,
      "name": "Calculus 1",
	  "location": "North Campus",
      "desc": "Other stuff",
      "times": ["Monday 2:00-10:00 PM","Tuesday 4:00-10:00 PM", "Wednesday 2:00-10:00 PM", "Thursday 2:00-10:00 PM" ]
    },
	{
      "prefix": "MA",
      "cnumber": 133,
      "name": "Calculus 1",
	  "location": "North Campus",
      "desc": "Other stuff",
      "times": ["Monday 2:00-10:00 PM","Tuesday 4:00-10:00 PM", "Wednesday 2:00-10:00 PM", "Thursday 2:00-10:00 PM" ]
    },
    {
      "prefix": "KHP",
      "cnumber": "102",
      "name": "Walk and Jog",
	  "location": "South Campus",
      "desc": "More Stuff",
      "times": ["Monday 2:00-10:00 PM","Tuesday 4:00-10:00 PM", "Wednesday 2:00-10:00 PM", "Thursday 2:00-10:00 PM" ]
    },
    {
      "prefix": "KHP",
      "cnumber": "102",
      "name": "Walk and Jog",
	  "location": "North Campus",
      "desc": "More Stuff",
      "times": ["Monday 2:00-10:00 PM","Tuesday 4:00-10:00 PM", "Wednesday 2:00-10:00 PM", "Thursday 2:00-10:00 PM" ]
    },
    {
      "prefix": "KHP",
      "cnumber": "102",
      "name": "Walk and Jog",
	  "location": "North Campus",
      "desc": "More Stuff",
      "times": ["Monday 2:00-10:00 PM","Tuesday 4:00-10:00 PM", "Wednesday 2:00-10:00 PM", "Thursday 2:00-10:00 PM" ]
    },
    {
      "prefix": "KHP",
      "cnumber": "102",
      "name": "Walk and Jog",
	  "location": "North Campus",
      "desc": "More Stuff",
      "times": ["Monday 2:00-10:00 PM","Tuesday 4:00-10:00 PM", "Wednesday 2:00-10:00 PM", "Thursday 2:00-10:00 PM" ]
    }
  ],
  "obj": {
    "number": 1.2345e-6,
    "enabled": true
  },
  "message": "Strings have to be in double-quotes."
}
